email,password,username
nskeldon0@sphinn.com,eI1}I?Sg,crykert0
aandriessen1@weibo.com,"xU6&S=e(),|#G+_",tandres1
gspaven2@amazon.de,uF5(VeiWR}{,dspellsworth2
vkelbie3@tripadvisor.com,iT4<bTx2n53c,cmcniven3
bsaltman4@yahoo.co.jp,xG5`x0>y,icaitlin4
mtrevna5@csmonitor.com,oU5.Q5<8,vtythacott5
apuden6@seattletimes.com,aM0!s8lY\W{RaCxd,bfogg6
nhasloch7@goo.ne.jp,wR0#g#JADm?,cwoodley7
vjedrachowicz8@google.co.jp,yZ8\f_ULSr,aarnopp8
ldobbing9@themeforest.net,"fP7""G1yv7mLQ#n",jselborne9
sdacksa@narod.ru,eO6!FZe3,ohuffadinea
mglanesterb@shinystat.com,rI5@Fl\FO,bschaffelb
ltrembeyc@home.pl,"hA6)Ss,D2(eX",gcresarc
crosemand@nymag.com,aO3&y3Bv.CPK5,ewhodcoatd
bdearthe@yelp.com,aJ9.{4ky,ctinstone
slongeaf@latimes.com,gV0+Z<`',sbownassf
kmalserg@earthlink.net,wZ5~01)E,epetroug
ksandleh@shinystat.com,bI4%~hSMHD,mkeaneh
chaddestoni@dell.com,rM4!f)iAuPLH9@dz,lhamleyi
jcandeyj@google.co.jp,uT4)W((%A,tlevetj
eiacomettiik@weather.com,eS2~6+w8,acatterillk
idellenbrookl@google.it,kC8!0A%S#,lgladyerl
kbarnsonm@theglobeandmail.com,hI4}Hl@SK,fgillianm
jtarbetn@sbwire.com,"kQ1#R7x{`zL,H",uguierren
bwhitebreado@gmpg.org,yP8+(\(U(&~mx3}i,cfomichyovo
tvearp@squidoo.com,mB8)3$>ukkxjXIs,dthatchamp
glecountq@nifty.com,"nT7,ZrI83<Q+",spalatiniq
jskonesr@wordpress.org,oE2?s3P{dZ,prysonr
pstormss@ning.com,gS0&=ZI9@W,talvarezs
dfeedhamt@dmoz.org,bO3}M2_VNsOQrwT#,jfincit
mpetheridgeu@alexa.com,bN2|z7oSA,sstarrsu
cjanissonv@ifeng.com,lP8@nRvj\Do5{,mstilliardv
eaneleyw@surveymonkey.com,dU2@r8B+3{2hu1H,bhamertonw
fclaypoolx@virginia.edu,sH2{&JO1,amatyushonokx
fphettisy@clickbank.net,tL3'hnzaU~n~J,hdimaggioy
chuckellz@adobe.com,xG9/&hu@<@EF+%8,nrishbrookz
mmckague10@eepurl.com,yN3`d@BZnlv`,jstallybrass10
asumpton11@nifty.com,pM4/3{?Xs,smesant11
mtrubshaw12@chicagotribune.com,"nO5?/Q""+O",mboliver12
cepsly13@biblegateway.com,xD5?@rJ+@Bk*,ssherrell13
fcouzens14@hhs.gov,mB9%?H*ei,wbeedon14
nghelardoni15@istockphoto.com,vA1_~L@2,dwillers15
tbrewerton16@dropbox.com,sF4`Op@|\b7Ik,bpackington16
sbrugman17@hostgator.com,"sY3*{8,u4wSXX",bapark17
mshowering18@dot.gov,bS0~gxCWm|cP.,cprewer18
tmartyns19@shutterfly.com,"yX9""3<IzN*TFd#",amatys19
hbetje1a@cloudflare.com,xQ5`6N@n\<=K_,gballchin1a
tmendel1b@oakley.com,"oC8\Ts,71UiD*r",kdikes1b
aetheridge1c@spiegel.de,vK1&A.K(ew~,thedaux1c
mantrobus1d@techcrunch.com,vC1=cH!(rhSqgG,bwellington1d
gaccombe1e@hhs.gov,cT9>pQzoRltU,dblaker1e
avalentine1f@goodreads.com,"qI7/7<e,R/=oNG",hlennard1f
pdolle1g@wix.com,cR6_qNXjs~Iu,kbernon1g
vfindon1h@google.co.jp,wS2%I{DB|.k3C,smclenahan1h
ppinches1i@barnesandnoble.com,"rP8""i'=u*V?W5#m",praff1i
lwhatsize1j@youtube.com,fP5%pMH~,ffleckness1j
ccowthart1k@skype.com,tI1'McErY,njonk1k
fcolvill1l@hibu.com,dQ9%Q8EfzB,ssanton1l
pmeneely1m@pinterest.com,nD3?w%NIT1INgQC,fvanleeuwen1m
evanes1n@bravesites.com,eZ6=!vgwF+<~b(,ndiffley1n
kpeplay1o@slate.com,kU9%=6bo|K,ddinis1o
jlipyeat1p@desdev.cn,jL9>ikbQdJ,cshakelady1p
scaldron1q@ucla.edu,qP8>K'bAV}f@IF_,mjeens1q
zpidduck1r@deviantart.com,hT4)r8x?eEF,sbengtsson1r
aepilet1s@digg.com,"wN4%,ep9NLDDN",fellis1s
mdaniaud1t@msn.com,vK4<'Q}x=,rscandred1t
bmaty1u@dailymail.co.uk,"zL5<6""~R$Bjbjduq",eskittle1u
tghirardi1v@icio.us,lV6>*u(f|C,bsheal1v
hmacilhench1w@xrea.com,wA3)h2&+K}?W6mp,flilliman1w
jvockings1x@themeforest.net,oA5$x&14M,dbeavors1x
rherculson1y@godaddy.com,"pB6%""Z6sJL1",jmilton1y
smasarrat1z@narod.ru,kX0>7qxoLU,vboissier1z
jharlow20@tmall.com,bG8&O*+g~h,adrache20
etomanek21@earthlink.net,sG1+LwRp,fgrocott21
evagg22@scientificamerican.com,yG7{vk#l,cdegoix22
bgallety23@foxnews.com,iC0@\)C*B,janwyl23
nalstead24@gravatar.com,cH6'CoWiX.PYM6)1,jcomelini24
karrighini25@webs.com,"qO9""/g/CMy5&d!",fkwiek25
sseally26@kickstarter.com,yN6>!{Mea2,ecromleholme26
tconnock27@lycos.com,cY0.?wA~vyxoc0P,pcregg27
lgrace28@posterous.com,vM5$tt043UR81MvX,dcalliss28
mbaudouin29@joomla.org,mN6`9Vyp2l0WP,tcausley29
agregoletti2a@squidoo.com,bZ8(F!A.`071k,gtatersale2a
abeaby2b@arizona.edu,pT0.)ewCO,cattwooll2b
gbahde2c@java.com,aI9'LX4!.dRz)Hs<,mstickney2c
ghowkins2d@howstuffworks.com,xG5(0S7T,ckitchingman2d
aisacq2e@cbsnews.com,hN2\l7a\eaBl,atytler2e
hsimpkin2f@mtv.com,xS3'h?J%!,kbachmann2f
ykhotler2g@typepad.com,kZ9$!#%c5Pn,kgerault2g
kdransfield2h@cargocollective.com,yF8/F2mcWT4,etull2h
mstonbridge2i@nature.com,yP8#/`&o,kharron2i
clambrecht2j@shop-pro.jp,gT9)}e}gB.buMTk},dstonuary2j
iboord2k@sphinn.com,eU3!6%yhT9S}$,fjessop2k
vferonet2l@narod.ru,"bU4'i8Q,5h*b{pDP",kkemish2l
sdowdney2m@google.fr,"zO5*pT5AYnQQ,`YC",nmorales2m
mlarkworthy2n@answers.com,xY1\?7U},lchasteney2n
cgilliland2o@wikipedia.org,mV2`t70{+z!ploT,kfrudd2o
imcausland2p@ibm.com,wE3&%Tx+N,mcroal2p
crennels2q@slideshare.net,mF7%g/LEUoM,mpiell2q
vfrearson2r@salon.com,iB5<VJD1nbY3$p1u,ehaitlie2r
dbischop2s@cornell.edu,lX7?pB&A,calderwick2s
bwaterfield2t@usgs.gov,cO2>Qcv?}&Xh,tgalea2t
eyeliashev2u@icio.us,pP4}PUmu,gvernall2u
sjoncic2v@ning.com,bZ6|+soXt$6,tskrzynski2v
lcommusso2w@delicious.com,pZ3*k1_M,pmacphaden2w
dbrislen2x@networkadvertising.org,yA3`iy{c?,jedlin2x
ccamilleri2y@hibu.com,vH8<)Yp0ueg,sklaes2y
knormavill2z@newyorker.com,nW1`Ctt#6lpq|,gelldred2z
lmounce30@hibu.com,fX0$<gJ?~qVI3#S,pfaint30
tzanre31@imgur.com,jI1.P0=G{cg=I,scampey31
vchason32@furl.net,vL2.F9{ZI,tfripp32
utregien33@jugem.jp,hM2(JyIVA,lchell33
amartello34@disqus.com,eU7/Vi>~oy,cmcgillivrie34
ekinkead35@wikia.com,xJ5%|UR+EwRGc,bcancott35
mtremellier36@xing.com,pA0_okP<v,jrubin36
apheasant37@washington.edu,mH1\qW|h5f,mirons37
atudgay38@microsoft.com,dP3%p<.H2gbt,lrembrandt38
dcrimes39@symantec.com,"nH0/r`b9P3""",hkehri39
bwogan3a@ustream.tv,fJ0@`ISXw,kjore3a
hkilmaster3b@yandex.ru,wP7\{AbSFf/ktpK,erebanks3b
lhutchinson3c@irs.gov,aR5&xc6\9G>RJ4,ebrimblecomb3c
bshrimptone3d@soup.io,iH9+=QsV9,aniccols3d
bondrasek3e@123-reg.co.uk,bZ4?b8T(s50OtjB,oemberson3e
kfenn3f@google.com.au,lZ5#?LqBJd.%r\S>,wbissatt3f
zcraydon3g@infoseek.co.jp,eB7>u0iFI,habbison3g
nhopfner3h@cpanel.net,iW2\wvxtsWM'+},wmatthewman3h
blaugharne3i@canalblog.com,"nR7""`(EECMc&\Df",morigan3i
ploche3j@wp.com,bR8)QH<Hus,jvalentine3j
stawn3k@usatoday.com,uN8$qqQKEW*Ht|#g,bnarey3k
bgarlic3l@salon.com,tK4=6)'*,dparks3l
ebudge3m@example.com,hS4*.HQW,gbell3m
wdebiaggi3n@discovery.com,fK5#&caBNgiqVC?,dmetheringham3n
nwichard3o@people.com.cn,iL5+<|!W>%J\~O',mlucius3o
hjeffcoat3p@wunderground.com,mH2!z%'\.'g58'5{,kstork3p
cminchindon3q@bing.com,xZ8/)G?A4)2,blawfull3q
cmealiffe3r@jigsy.com,yZ4}NOlc8EG0a9u*,dschimmang3r
iharefoot3s@1und1.de,mE3%wq6Tbd,rjennaroy3s
aedelman3t@ted.com,gN4?&TBz{IQ6QO,eobrien3t
akendal3u@skyrock.com,lM2?5D@lM`d,vhoodspeth3u
idownie3v@bloomberg.com,tT7)(7%t*,cdowglass3v
samberson3w@ebay.co.uk,hR5)k@B!<d1Y/,gponten3w
javesque3x@xrea.com,bN4>95N+CF/,dtamas3x
lben3y@ibm.com,"iQ2""|!k{x|nGb",cbrogan3y
tmarchment3z@nifty.com,"qT7|OMK44CE""VU/u",pleguay3z
rilyukhov40@feedburner.com,pR8>J+}_T~m{4)4o,dpughsley40
zconnors41@imgur.com,"wX7\b.""fC",itimoney41
tskamell42@jiathis.com,"dN2,V&xBvD&EK",abeven42
pdanne43@desdev.cn,sC2`XvXEh5,eandreone43
mruppertz44@i2i.jp,sK5+N#&wZ,rkettley44
tmacsherry45@youku.com,hO4+y<d7h*rUqBdS,gbottoner45
boager46@addtoany.com,"qY7=L/W?G2H,",vdowe46
abasezzi47@fema.gov,uM3$YHA(i|0tU,qtoft47
rgarton48@reverbnation.com,uW2}bEP@Kp,sdezamudio48
jhallford49@sphinn.com,"bH4.A,=l4{",mbellchamber49
nroll4a@microsoft.com,"dG5`bCR~Aw/,Z\RU",garmand4a
cingreda4b@merriam-webster.com,"eF7$?mN5,`VfQD_U",vwaldren4b
pbabinski4c@ask.com,"hV7""JYw/",cfarmer4c
rbrummitt4d@topsy.com,eG9~xbAf+sk,pspenceley4d
tmclellan4e@tuttocitta.it,yS7$tcv_@#S,anussgen4e
hwilshin4f@statcounter.com,oU6`)uCZ,anordass4f
mbeloe4g@t-online.de,"qP2\ZNMc,3uB\gbu",mlickorish4g
lgallimore4h@taobao.com,mZ5?WTjH`,mhitzmann4h
mfoyle4i@hud.gov,aO2$JJj=teDv?,smerrgen4i
whamerton4j@nymag.com,yG9*uxE(T,dcomelini4j
gvowden4k@sina.com.cn,"pY3&,$EPZb",thutt4k
tonn4l@ezinearticles.com,"iP8*>xB,{gRfd&P",ldurbann4l
mglading4m@timesonline.co.uk,vA5>'x3>i1si,eturgoose4m
mstuchbery4n@unblog.fr,"wL9/\{cIs'j.G+,,",lstout4n
iyandle4o@hubpages.com,lT4'L|)Bmo5>l,rerratt4o
ryeoland4p@mtv.com,wU1@ooMa\afQZ$$,fbentall4p
kgutowska4q@1und1.de,"xO6,Ce?.",druddin4q
ehinnerk4r@oakley.com,cH3%ntnXPlU)b5T,mturfes4r
dfidelli4s@seattletimes.com,tS1<iSBy!?(ZT<c,irowling4s
mswine4t@merriam-webster.com,"wJ2<k*TM?f,",kdradey4t
bknotte4u@yellowpages.com,sT0&~T~$/@BiFT,wlydford4u
ssteers4v@edublogs.org,"dL1"">i)i{e}",zvinall4v
scossentine4w@oracle.com,zY8)bF}b,cdelacroix4w
trylstone4x@ning.com,iG1*ix!PDFUSGR\,beden4x
leckersley4y@live.com,"yZ1\0d`{""7@}q",lhospital4y
lbinford4z@slashdot.org,"oM7""Kd$()VU",jyoskowitz4z
ftinn50@yahoo.com,"vY5#LT2E?Md|""U",mwotton50
agallally51@canalblog.com,xT8|0h&6pA,mandriulis51
tgrindell52@gov.uk,zS7$AFM7d$<y,phallatt52
jkildale53@cyberchimps.com,aG6|%45ho'lHF,aclother53
jleele54@joomla.org,fC5*j7T$',tgillison54
rfosdyke55@devhub.com,yO5)f+#A,dduxbury55
tarchbould56@about.me,nF4}YkK8P{HvB?},east56
naish57@soup.io,uB1|k&wdfmKZf|Z,jtrevillion57
kjerratsch58@timesonline.co.uk,zE2.EtT0++$Q,kdevita58
mhostan59@eepurl.com,tQ5)31jt,msiddele59
ctrivett5a@ovh.net,fM0/QGeSuGEQj,aalfwy5a
cminer5b@dot.gov,jO9{cq9dPD6q_,leastope5b
mthirlaway5c@opera.com,qO6(v.~p,rblessed5c
bkyttor5d@accuweather.com,oH7<AyH}B8@,llinscott5d
bmattacks5e@cam.ac.uk,"iY9@=a3G2h@E,%",ktribe5e
dlemonby5f@google.nl,vF8{WiD}i*,pboulden5f
dpunt5g@xing.com,nC5_Y*t/vz6#\RJ,kelson5g
adelascy5h@cdc.gov,xY9>d</JyH*'CqP,maizikovich5h
rmccolley5i@blog.com,gW6=9rvf3U?0mU(,rsaddington5i
cosorio5j@ft.com,hS8)3)6i@8M0n,agrason5j
nalliband5k@bizjournals.com,jW7+l{X{V,zduly5k
egomby5l@networksolutions.com,"cU4*Ft""=Af",cmanderson5l
plilian5m@shinystat.com,sP0<6io1CBLF,hkienzle5m
megger5n@mediafire.com,yK5@K\qYlx,shalton5n
narger5o@ameblo.jp,gF1+P5W*V5,tsieve5o
dcranton5p@columbia.edu,vZ9>{auZ,rsimoes5p
meat5q@amazonaws.com,"kH7,keSfSB7zA~)}",etattersfield5q
iberrow5r@wix.com,sT1&m8_s=y3pD',pmerrell5r
hskerritt5s@t-online.de,mM0(i2z9%6eW/XRy,jmatashkin5s
flawless5t@vkontakte.ru,dF2$Ufy?Z/J7#,cboshers5t
fchupin5u@tripadvisor.com,"gL3=R%/,{",jbodimeade5u
ccorbyn5v@spiegel.de,aQ9&CH4.HAi{}0$Y,dgenney5v
edowner5w@ning.com,"oO1?cbkUs=P<zA""",fniess5w
cfrancey5x@nsw.gov.au,"vY3~Yn`HG),O&",ejayme5x
bcheese5y@census.gov,sE0*P(u9V*,nwalshe5y
jorry5z@goo.ne.jp,"rD0|(}1M""vn",gnobbs5z
cchippin60@foxnews.com,mX2{$z.NfE,cbacon60
drickard61@cdc.gov,uH1)x5j5NW}!xTg,chalsted61
kbendtsen62@cafepress.com,aS4<yBhN@%nvi,dbernhardi62
jblakebrough63@opensource.org,"eQ6""qE8p)9#+",krennicks63
lmaccleod64@dion.ne.jp,"tN4,/k6yx""4GCd",cnoen64
sbhar65@etsy.com,jY2=CAM3(g}n'=,cocrotty65
butterson66@chicagotribune.com,fL3=Ezfq)0q6,gmeads66
eskade67@icq.com,"jB6}u""Yy34TraD",dfillimore67
jromke68@newsvine.com,eW5@%)8NJQ,kbarock68
avamplew69@sbwire.com,"gV9&QWCgRku,dwd",jondrus69
srene6a@jugem.jp,"rG2,{9G)qhGr&j""#",ogaffney6a
bgrain6b@a8.net,rF8*(%Rk<IKMe{D,gsnalham6b
lmaxwale6c@webmd.com,yM9)'b0dOWNnCBX0,kcleyburn6c
bfader6d@blinklist.com,wP8?Y.x'1#D,cbinton6d
qwillcocks6e@t-online.de,"oO9`""L{FB",mgiorgini6e
vsmallsman6f@economist.com,"tN1\""e.n5E|m.w#",pmynett6f
aturone6g@apple.com,"sK7(H_""m8ly)Czw}",bdanaher6g
gsogg6h@qq.com,eB6{#N=N$|,bkelloch6h
wbrangan6i@toplist.cz,jU3{I?DUg6Q,mlittlejohns6i
fwoan6j@clickbank.net,"oV0&4,}!0!fL",estollenbecker6j
tivachyov6k@domainmarket.com,nE6_Akl3AMj0rm2,odanilenko6k
cgislebert6l@wunderground.com,dV9)Pjjs}jrHQ,rroose6l
nkiltie6m@yandex.ru,wJ7)&G?GrX~CZv,gdowbakin6m
atrousdell6n@weather.com,"fU2>7',N$VP\eW",jfairbourn6n
ggrisard6o@wikia.com,qP3+WZXrGI,awhittlesee6o
bchrstine6p@yahoo.co.jp,sH3+YR~t%w#q,bdebruijne6p
hevenden6q@wikipedia.org,hN2.kV?FKlHjc,mamberger6q
ymatches6r@jugem.jp,fD0_TCAoK6JY(|.8,hshimony6r
krichie6s@cocolog-nifty.com,eI8=5+\@&Z,egostling6s
bortmann6t@goo.gl,hC4<teF59,pfolland6t
oabley6u@nymag.com,eX6(pQuwu<}Pj,kbarabisch6u
rwhitwood6v@wsj.com,bY9<zJ{TYNV=YuU,tmourge6v
mknowler6w@example.com,aP3)'&EOvJ,rgiraudo6w
zcescon6x@bloomberg.com,"eM4*8d,F@PZ*z,C",lmacgill6x
lfairweather6y@theglobeandmail.com,qH3~4rR(,rlukacs6y
kashfold6z@about.me,"sX2~,MYZe",fcameron6z
aleeburne70@apache.org,zK3@e@'{,ptoplin70
eriddeough71@ucoz.com,cX1{9(}t,cdacres71
gstansbie72@yellowpages.com,"zI5|DrK""Z",lbouttell72
mriccioppo73@networkadvertising.org,cK5|pVXn,bbissatt73
shunn74@typepad.com,"iS9*md}a""<L),|M",lcastro74
nbrandsma75@nhs.uk,qO5|IiI.}k}k(G,dferroli75
tsawers76@comsenz.com,"fU0>Xsi/Rq""K1/dl",aturk76
rdanick77@cafepress.com,fH2{(r?nJB,tfound77
rtottman78@cornell.edu,zH1_{qjPgT,fbeavon78
ibartoszewicz79@google.nl,"oW7%vsO9O*Q,",itwigge79
mdankersley7a@yellowbook.com,aO4.ZfFYw<,mstarten7a
wadin7b@cisco.com,cB2+!E(c*M,mkem7b
kpoytres7c@yelp.com,qG3|O74pDu7/o5I,fswindin7c
bellissen7d@jigsy.com,uT6$Y0BO>,rhurche7d
wkearford7e@youtube.com,"uK0=!,IQ0",osabberton7e
bsiegertsz7f@marriott.com,bG3#BXl},mnovis7f
lpendle7g@surveymonkey.com,rE1>=QShn2Re(M,cbrangan7g
nscipsey7h@skyrock.com,qG2.6e5le0w!tcr(,dlackney7h
theditch7i@marriott.com,rB8~!MrK7=8~,kbowcock7i
mdossettor7j@geocities.com,yE0#<wF~,gmcure7j
nwelds7k@stumbleupon.com,nR4\U'L%%BzH,ablinco7k
rmcguire7l@ocn.ne.jp,uB2_$`iK9,wdawbury7l
kdzenisenka7m@prweb.com,"jB1,~,io+%gfP",ghutfield7m
mbecaris7n@paginegialle.it,lK9$j)nN?',rdavidi7n
nkunkler7o@moonfruit.com,oV3<O\v\WbWSyc3&,mpirdue7o
fduiguid7p@mlb.com,rL5&f/z'd3,aderisley7p
sderry7q@constantcontact.com,"rI0<""DYM0",gpooke7q
ebougen7r@ifeng.com,"cP1,S@&Ps",hcaiger7r
jmattheis7s@microsoft.com,zB7<Q.9qr,dbatman7s
mmontrose7t@123-reg.co.uk,iQ0#E}%8WqS0,edargavel7t
fjancso7u@mac.com,"wB7`=fV,,V",hsharpless7u
lgarbert7v@mit.edu,nY2.'%+&%?,pspedroni7v
tbollins7w@irs.gov,iU6&Fyr?\e,rdarlaston7w
fmccombe7x@newsvine.com,rO7&8aaQZP2`@x,salker7x
ahayfield7y@delicious.com,xJ9>x~8~,abroadbear7y
aferraro7z@cnn.com,"mQ1}zgD)J,i(",corowane7z
claw80@chron.com,zL8\j<(1#nwWyBZw,kotson80
mbohlin81@biblegateway.com,"iC6.c_,}",alubbock81
wdoyley82@vkontakte.ru,qY8>i(TFbF2,lcunrado82
bmatteris83@bravesites.com,vW8/LUWT*qNmhz,sgiacopini83
oantosch84@barnesandnoble.com,"rT0""m$$(%x3(!&N",iducker84
bege85@guardian.co.uk,fV5%2a6aBlmG5,bgowdie85
sestrella86@bandcamp.com,rB5>MhJ&,tgorgler86
tgavey87@dagondesign.com,"jU0,Uvy{0B_GBcc{",nidale87
cokennavain88@dedecms.com,sG0~4phpjv`a\fg,rfettiplace88
hcaddock89@twitpic.com,qV5'r..5Gb?oZ,gchasteau89
chearnden8a@google.es,"yA2&dPU'""&!}",lwhiskerd8a
bsambals8b@qq.com,hZ0/c'OJy.uXl+{\,rvautier8b
bmckeighen8c@dedecms.com,fK4_g@Xtt,acaughtry8c
cpatemore8d@cornell.edu,mK5~kM$>G=H}4zl),vcasseldine8d
mdwelling8e@smh.com.au,iH4.U$V}yA8,rsirett8e
theatly8f@auda.org.au,fT5'4F_7#t3uK,gcorry8f
gkillough8g@biblegateway.com,gA8?)4\m/s8?,jpottle8g
xpickett8h@google.fr,bG2&XX#t%oID{#&,fsignoret8h
cgwin8i@yandex.ru,zC2{rU7HPX>oA,vboraston8i
cpiatkowski8j@de.vu,zN1//mY5},cbranford8j
mgeindre8k@netvibes.com,eV9(%K1&,ndensell8k
rorht8l@china.com.cn,uP9_*Dd+et,pbasnett8l
pcornier8m@nyu.edu,xT7>%#>QQi,tpotbury8m
lmcmeeking8n@imageshack.us,aW5!?sM9>#plp&E,bquakley8n
lgrunson8o@friendfeed.com,qC8)A4P#),lickovic8o
balyonov8p@shinystat.com,"lT9)#'QuE""b$Get""",pbiddleston8p
pstickney8q@irs.gov,hV1+5!$u<p2,psweetlove8q
pradoux8r@mayoclinic.com,aL9&S_)dD(0!xl,scrowdson8r
bdoggerell8s@creativecommons.org,"vW3?K""xqiKF(K",cborrel8s
mjanak8t@marketwatch.com,jL2}}5JY'SM@lF@,cbartalot8t
bosipenko8u@google.ca,dX9.8C~#m?,hvoden8u
spawsey8v@macromedia.com,kK8~%}C{z,yhussy8v
fclineck8w@free.fr,jU5?g3J2F_Sj#,mlaxton8w
bpoppy8x@nationalgeographic.com,wY0}/xE?s.jt,bmahoney8x
iparkisson8y@blog.com,"yQ3"".bZz",hstainland8y
ywibrow8z@engadget.com,jB3*p<3|}Mow,aliggens8z
glentsch90@examiner.com,yZ7+GYNG,wfeldhorn90
speirson91@samsung.com,dS9`>_{T*l,abenaine91
dcromwell92@cocolog-nifty.com,gD1&~!4CUYoc,bmaylour92
ydeerr93@booking.com,nV9>CNX6@nwZ>4,egrzeskowski93
epeekevout94@reuters.com,"lD6""@H(.Lg+IRD",mstiling94
fchimienti95@aol.com,"sU7~""/=,Gw",adownes95
kkordas96@barnesandnoble.com,sY5*3?I='R3,seasterby96
rasplin97@shareasale.com,oA6=Kc%AILe\k,mmcaless97
mlacheze98@nyu.edu,kA1=amAtT6,ldust98
mrentz99@yale.edu,pH2/3=kBD5jYc#,mcopcott99
tlaweles9a@miibeian.gov.cn,qM6<}k*Dx,glegallo9a
enerney9b@bloglovin.com,"rW6""`2)MjseY",jcranfield9b
nkinsey9c@wp.com,tT9#bc\m3>Z,cdanielovitch9c
kpinching9d@dell.com,sB2\7QVx|&,cchecchi9d
tfilipputti9e@tinyurl.com,uD2&3uiKrGM+,ggreatland9e
lstarling9f@apache.org,dH9=l`*7sZ,cdrackford9f
tthumnel9g@bbc.co.uk,"dT8,&ZXfF>vY""",jsphinxe9g
jbettam9h@baidu.com,tX5!kz{(oy\,eswiers9h
jkettlesting9i@ucoz.ru,lL7}$}JSeD,zcollick9i
mcount9j@home.pl,sO0`/`kV,slinch9j
ehazlegrove9k@cbsnews.com,fK4~g*S+k,vbumphrey9k
rdiboldi9l@dmoz.org,tO3@$muGeM,mtraves9l
cfalkous9m@ovh.net,dE6$u5tm6ygP}>d,cgoford9m
kbradtke9n@indiegogo.com,cK6<31OjUX<d6Xf,cdafydd9n
chalsworth9o@fda.gov,"iT5,}ZyCWrM$l/D{",llassetter9o
rwillatts9p@buzzfeed.com,"oM0,""R,3f'G4R}M",lpote9p
onayshe9q@privacy.gov.au,"lN4#SH"",\W76U",gosgood9q
bcolvill9r@engadget.com,fU9\9z*C~@IUz,iborrill9r
qbohman9s@dion.ne.jp,eG9<jJ@3}\*3,rdominy9s
lwheelwright9t@theatlantic.com,sP5'D#o!Mrfh&i,vnizet9t
mdovington9u@bizjournals.com,cR4.ru=='{!VW+,cgeockle9u
lmcconaghy9v@github.io,hF9_U4q{A.,mkhosa9v
mespino9w@washingtonpost.com,dF2$<\7`8eL,bjorg9w
acristofalo9x@engadget.com,uZ8_RY.XH{Xr,tlonghorne9x
swathan9y@statcounter.com,vN4#RftC+&#,ncunnane9y
egammage9z@google.nl,"rQ6(rBNNmW#IW*m""",cconyard9z
kpenwella0@loc.gov,uJ2}M$dOsF*w5,ckeppina0
nsylvainea1@com.com,"hJ2'Udb,eWjsi",akeartona1
tgoslina2@globo.com,jA7&*Ktk,agreera2
njacobsona3@cbc.ca,uQ5)LyRSI20,stoobya3
mastlatta4@friendfeed.com,sV1>{Ypc)RbV86e&,harnauda4
bhockeya5@linkedin.com,gS3=oP'Jkx3P$w,lhullbrooka5
jthorntona6@purevolume.com,rS6~h+qRvD,kmanterfielda6
ojanca7@1und1.de,nD5!A)c=,ptottmana7
mpaullina8@gravatar.com,fN1~i2L`,rachrameeva8
hswynea9@senate.gov,"qR7$""+Ka?8a",crozeaa9
pskiggsaa@jugem.jp,vV0}Keb&YX@(=baf,iboyfieldaa
amccawleyab@latimes.com,oI0=bgnI`dvO{H}`,rwhifeab
ahulanceac@yahoo.co.jp,rI0`G6339)%ibN|%,egummerac
jzanicchelliad@comsenz.com,sI5}GEilB0,cmarstonad
rferieae@ebay.com,aS0$HS@mDb,fstrikerae
egarrochaf@so-net.ne.jp,rS3/'o3c5hrc@m{_,pcoullingaf
tlaurantag@aol.com,jG1%#9kIte,odavenhillag
fpetrashkovah@networksolutions.com,"jA1{""lPPp",lgladdisah
greddihoughai@wikipedia.org,"hN7)""m>>H_=g",fmustardeai
arobbertsaj@weebly.com,mL1.)$9CP.,sruleraj
csamwyseak@yahoo.co.jp,vA4'UMY}l)7,mmcgeachyak
sgaskillal@sbwire.com,cA0/gFbM+!i3>XN,rlaverockal
ncorneliussenam@themeforest.net,"yT5!1""8F",kspieckam
sbateran@indiegogo.com,yM2#PBKR!V+,lkemmettan
jemtageao@tripod.com,fH0(*=s*ZS/E7%=,bcurzonao
bmcnickleap@accuweather.com,pA7.*yN@,mjennyap
cdelatouraq@miibeian.gov.cn,jK9<F.wK#xb}MZ,dlappineaq
vrenziniar@mit.edu,lD8\n(#Wwn*FKE,cdillewayar
klamkeas@wsj.com,vP9}wMM+G~6IXZ,kswithenbyas
flaflinat@hubpages.com,yV4+R6/VA6I}mDX,vbowcockat
fcramondau@go.com,jT3/SGr}n,sreynardau
ntregensoeav@wordpress.org,cC7?RItg0t>rqc3,njanicav
hbrierlyaw@wikispaces.com,wG5@gvQm8N0!,doldfieldaw
ncoverdillax@illinois.edu,"yQ0?9?&\',K*3js7",cchasmorax
floynsay@instagram.com,tQ1@IwHgXft>r5i+,bduiganay
kmackernessaz@google.fr,sF4?IWvi%CfFyz9,aboiceaz
gmeakesb0@telegraph.co.uk,wB4}fXA7MA1E#,abougheyb0
cbartrapb1@sciencedaily.com,dN0??CO#hyu6,kbuggb1
ipinkertonb2@springer.com,yN0#+F).,ckrogerb2
lsirrellb3@devhub.com,vM2#u|E|,eguentherb3
dpesticciob4@comcast.net,iW1=|pOB}87Mc=ui,shannenb4
ksibbornb5@yellowbook.com,iB6>Kk}$zp*0GZgn,swagnerinb5
cmotherwellb6@google.com.br,eT6(HzlcN~lQN&Wp,awollrauchb6
gvalentinuzzib7@skyrock.com,qK4#a)8wo,msalvadorb7
lmyhillb8@shutterfly.com,xY3$T(<heh@$,ehowerdb8
rwannb9@independent.co.uk,aY9<JuA!e8$,vwarrackb9
eduffellba@biglobe.ne.jp,jH6\GDnse)P,llauritzenba
sgotcherbb@amazon.co.jp,vM6#1SBIa&,rhehirbb
jswindellsbc@blinklist.com,uB9'V?6A2'rBu,gcoupmanbc
obohjebd@geocities.jp,mJ9/vAW7QcpB7QS,shullotbd
dblockeybe@myspace.com,vH4|DV>NOv,gmcparlandbe
dpeasbybf@arizona.edu,"gB8<""dhN0}1FqVS",cgerriessenbf
mwagenenbg@spotify.com,aI3?g?.p6dL5}A!$,mchattoebg
ihambletonbh@list-manage.com,"fK9*m6Ck""",sguyonneaubh
esaillbi@nba.com,hI0`rYfO8,mnorledgebi
ajeckellbj@mozilla.org,"gO7`.MjW\>2?,>",ndodshonbj
mkleslbk@reddit.com,"rN9>KS+|eG,A",vgibbettbk
hsheirlawbl@shinystat.com,rW8(XOy`0,wfrewbl
dbulloughbm@mit.edu,cO8('vn~UNR,tbadseybm
sducebn@bluehost.com,"aO9|k/6m0z""Z|{",dpiccopbn
elomathbo@uiuc.edu,nT9@WXwz,tswanebo
cramasbp@timesonline.co.uk,xF0=2t>+b,fguihenbp
abranchebq@tinypic.com,"aF2""?K*CN3=2`M",dbanebq
fgeorgotbr@java.com,"eL8\$j5i,",astoppsbr
dmursellbs@ycombinator.com,mS3`LLUfF,bpatchingbs
agrahamslawbt@github.io,yS4(\IU=,balldisbt
inewingbu@artisteer.com,hR5%$iny,gbillingsleybu
clodwigbv@studiopress.com,lR6}+1zTJ}@nlO,ncoenbv
mspyvyebw@multiply.com,wK7{<<F@,eranvoisebw
scalladinebx@nationalgeographic.com,xM6|UzRA*~J,flobbbx
nheavysideby@google.com.au,qP8=A>L<%rPT6A),raldcorneby
bcastellinobz@vinaora.com,xX7}/D(Pr)T@8Wq,ttregianbz
bfenelonc0@prlog.org,"uX7@Up,<T0v",cyuryshevc0
bwitulc1@chronoengine.com,oU2(Wv%3=S_,salnerc1
jgrimshawc2@weibo.com,tL3+c#AQ#J7~p,mwinklec2
cfleckneyc3@si.edu,qJ2>==uiU=f,cwitheridgec3
llaverenzc4@eepurl.com,hU6?'PyDb@,asheftonc4
groysec5@patch.com,"cE1,g2qBn*u/yvjn",ahanssmannc5
hdalinderc6@google.com,dN9#S3SQq<MA,ibaslerc6
ghandfordc7@cornell.edu,vD5`g0h4z|(!AP+3,amacranaldc7
plorriec8@marriott.com,pU9_KYX|8,callrightc8
gvliesc9@networksolutions.com,pU3/y3'ZN.Kua,ogrigorkinc9
vdafterca@dion.ne.jp,cX3{(})GYAVi9pg,mpatronca
srelphcb@weibo.com,aS8?fkuOH0,bmoulsdalecb
rheinonencc@nasa.gov,tI0?q2xH.y,abowmencc
dvillecd@macromedia.com,"mW9""(.|tNlSH",badneycd
rbrewertonce@washingtonpost.com,hM7'MD2M1#4DnM.,bstokoece
kpollandcf@artisteer.com,pA3<TadtFrpmt3>=,jhebbornecf
mhoggincg@dyndns.org,fP8`TA86`\lmp,ccawtherycg
zmcalindonch@about.com,jG4.qQ}b&|RC7Mi,mwaleworkch
lingredaci@sbwire.com,"cX1/3k0C,~PW",ebroaderci
csoutherscj@webmd.com,"yA5@}),~ZuvZz@",jtrottcj
rwatkinck@chicagotribune.com,lJ4~2'Ux!Bj,abickerstaffck
gkristiansencl@nsw.gov.au,iR6%tr@>iGoBe.,eluckscl
erouncecm@auda.org.au,tT3.k>p2,jgullefantcm
rpaolonecn@craigslist.org,"tG7`m7rP|,",hchessellcn
mduplockco@bloglines.com,fZ7&yj*<G>r/.,gmorchco
vcawcuttcp@merriam-webster.com,sO2.eCne,bbettscp
tmacconnellcq@prlog.org,"sU8{~VLcq,C'",paugarcq
scolliholecr@joomla.org,bX7=@+bCA$ss,tpollakcr
msmoothcs@apache.org,"zR1#,az,5XfsxEeb",mkeenleysidecs
mmonteathct@usnews.com,zH2$*`fnC?GPkhs,lwinfindinect
wmarquiscu@baidu.com,eH9+>*b@#U,mwellingcu
ggodbercv@wiley.com,"mV3/f&{,si9}",tprowsecv
jflahycw@e-recht24.de,hA8&8X(y9\_Ul<a\,crattcw
bgobellcx@hud.gov,"wR2,""RALze",cmcmarquiscx
nzanettocy@storify.com,yT8*NXTdCr,alittlejohnscy
rfynncz@so-net.ne.jp,lA9!N~Yw{0LJUte,lbarffordcz
lphebeyd0@mlb.com,oK9@_CWxMW7,tgoodladd0
blibermored1@baidu.com,oH0@+)5{_6HQ|V$,bbrayned1
fconnettd2@bloglines.com,lW3<tH.wf!,rsrawleyd2
apostansd3@quantcast.com,lW4%>LeU.,kniblockd3
amuslad4@hc360.com,nP3_C`h!\,bmccuisd4
omaylord5@boston.com,eZ8<AkT72D%}sE,dfurmedged5
dmcgrahd6@ustream.tv,"sE3<atCC.`b2H""",dgianullid6
msuppled7@engadget.com,iN9#pQyL|d,aspensleyd7
kwearingd8@archive.org,aN1=o6w1kv<,lpoynerd8
jlantuffd9@si.edu,zC2|c&DW,wmccoishd9
nbrabinda@netvibes.com,aP3/37@Q*P,tsamblesda
clorenzindb@smh.com.au,mZ5'6'n$|4NT6Zb,gactondb
dmaywooddc@abc.net.au,nE1.=G'kQX&,obrittodc
mfidgedd@multiply.com,eO5=Wv>e,hmcaleesedd
waikettde@plala.or.jp,oG4%t2V&,kheintzde
uyannikovdf@ycombinator.com,dO6.R{`8ee`Ew>s,dbabonaudf
epettetdg@bbb.org,eR8>?xG}z,ntruesdaledg
lmacartneydh@photobucket.com,pW6}dhZ/QU/$w,nhannawaydh
smahareydi@etsy.com,lV5>H9%'1ZqNcr,kpuigdi
aollingtondj@disqus.com,zM0{#}td,aegglesondj
jhannandk@bluehost.com,dK3`'S+=@A{3=!,msimaodk
rpruedl@house.gov,bM4@sg1x,gjozefczakdl
pfrippdm@marketwatch.com,aA4/5e86NI}*,rbutterleydm
eschirakdn@addtoany.com,gX1*4!}W>x,dcoveydn
ttacedo@ted.com,fU9*5v?b,qsillisdo
cpaulusdp@opensource.org,yB8%Lns6mE,cblaylockdp
dhullesdq@msn.com,xZ1~7s08O,cchristiensendq
cnorledgedr@mit.edu,iF0`v87lO,tbiermandr
gbengefieldds@ycombinator.com,yA0%3.42CBAC,gmoritds
lgiraulddt@kickstarter.com,"wS9*6TV.>""v|W",nlamasnadt
agwatkindu@a8.net,jG4@pYG#3&,mandoverdu
folohandv@typepad.com,jH7~QZ3q>iAKcQ),gtwiggerdv
bgodondw@cisco.com,gV7+ktv/%,sricoalddw
kgarvandx@slate.com,sU9~2bB|ek,nlantrydx
rnultydy@photobucket.com,iB6\.vZBUtBq,bgrutdy
mpawsondz@google.com.hk,uH6<B_SE(6VO,akivlehandz
mredborne0@google.com,"lB6!@7""mI_UY",efancutte0
rmartinsone1@ask.com,dR4_XDdt,qfouldse1
pgoodeye2@ftc.gov,"oF5`oz.""Dw'>n",prichingse2
rbartse3@reddit.com,"hO8""0!c{#lQvIkaP",jfarre3
dgiraulde4@economist.com,pR5#gCQC_F)vw$,llaxone4
ckahlere5@howstuffworks.com,aX6=Tv`}cW1,dwibberleye5
ebaumaiere6@house.gov,"nC5~~+0""",athrushe6
mfearse7@theguardian.com,bP5>53YfL*,afilipsone7
dricciardellie8@cnet.com,rH4}ciH~v2lVT,rjefferse8
jkondratoviche9@trellian.com,hJ2|k|~$H9e8~U'7,npole9
gtuxellea@plala.or.jp,cG1}Fmh)zx9,nwhyardea
vgollardeb@oaic.gov.au,"hV0!R3_yf.+,fyEC",csmallcombeeb
speakerec@walmart.com,"dA6\4o6),8,!",rreaganec
cmowburyed@parallels.com,"pY4>{""UcB",claxened
bconlaundee@soup.io,sF1{'\1!?6viU'CB,mdedenhamee
jlenzef@mozilla.org,jV0/Yxvbr,ecullefordef
fbuzekeg@flickr.com,cZ8|A/}$._V26u,rgittiseg
lmcgauhyeh@reverbnation.com,"mC9`\yz2""",dcockrelleh
gdomeniciei@phoca.cz,jY2`e=mggA>C`7KF,mtousonei
vpowleslandej@mediafire.com,gU2)nt6ipAv0jv4!,dmccleanej
schitteyek@pagesperso-orange.fr,oK7!$WXDt2xl,rstanwixek
cpellamonutenel@gov.uk,"iX7,yLJIj?nT'",lemlynel
mpettyem@foxnews.com,tC6)mW_AdbR,ljakubovicsem
asiggensen@un.org,uK5_4iveX{Sp,vsecretanen
ltrevithickeo@princeton.edu,iD2~/xRL4H.A,fmusickaeo
jpottingerep@discuz.net,rB2|ueKmPH63{,jdarkep
qlesereq@about.com,wL9.q'9%,lbrislaneq
gfrancesconier@reference.com,kN8&H#xr7+,rbardnamer
amullenes@vimeo.com,jI1\1PIX4>,mostickes
dpaliseret@irs.gov,"eY8~bjLNu4,",clantryet
cboxeu@reverbnation.com,dB7?jpBPv!,bscollieu
ldorroev@adobe.com,wN4!*/r(C*,dkuzemkaev
bquinlanew@sakura.ne.jp,jP5(kc$Vts,ksparkeew
aurionex@list-manage.com,fW0*mhqg$495,swabererex
dparidgeey@nasa.gov,hZ4'hl4R3cfl4\,fputnamey
edrowsfieldez@tripod.com,pX3?rio|a*/,araspinez
bingef0@sakura.ne.jp,eC0!0)1G1)3g{,eprattenf0
ekavanaghf1@prlog.org,nL9+@zFS'KeVaQx8,iambrogiof1
ybaldif2@cmu.edu,fQ3>B?MCl$9EL,lcockcroftf2
naimablef3@prlog.org,pN8=`mx9gn~Q,sdonativof3
dmcianf4@ask.com,aY7+Z?LaR=!S_GNj,rbrawsonf4
acrumpf5@si.edu,rG1~6FxlEFO>ocLJ,jmcileenf5
ajellmanf6@canalblog.com,eN6'E9=5,skhoterf6
afranzelinif7@biblegateway.com,"mV7@*a@1,}EF",dginnallyf7
aleathartf8@dell.com,yE6}0IsN?}1Nvc,arolfsf8
smanleyf9@nsw.gov.au,uC2.(.&Dkx,oslamakerf9
bcolleltonfa@freewebs.com,wS0{%zg0o}5,dschoalesfa
tsteffansfb@lycos.com,"sF4}=(E}""gLw+c@<",ijacobszfb
bfollingfc@umn.edu,"fW9""R8{b}",mforkerfc
apirdyfd@bigcartel.com,nY3(n&0UCHa*Mq62,tfroodfd
jwalkingtonfe@npr.org,bP1'sSA\~,bcoxwellfe
surianff@drupal.org,"vK5?n{AtsF5sS~G,",rfranzoliff
lgronaverfg@google.it,zC7'WK6w$,cstrotonefg
bhansleyfh@ft.com,iR4#urrY#8F_t,irimourfh
ddealfi@netscape.com,vX6{8%q?~Wyv,btoplinfi
roneillfj@mtv.com,nA4%IKZP,ldanfordfj
gstrangefk@newyorker.com,rL1/mqo&Dy)3,ponionfk
alewsleyfl@blogger.com,nY6/DA&~2C,fwinspirefl
fburnhamfm@homestead.com,iL8/uO1U*,clewsleyfm
ecotillardfn@jugem.jp,eA4`d1}W,gsowterfn
mbalmannfo@jigsy.com,"xQ9{_bws{sVu""12",mblaxillfo
ghumpatchfp@dedecms.com,"zD4,""R0TR9",demmertfp
aslowlyfq@telegraph.co.uk,kT0|q}@pw.#,kbankerfq
aconichiefr@github.io,hS1)#+F>eZm>*|V!,rkitchenerfr
teouzanfs@army.mil,pC9*+Q#6?{n2,carnaezfs
swindersft@alibaba.com,kB0~kWa$@EsS8Ue<,cseivwrightft
fdonaghyfu@google.fr,"cB6$F4\""""CLH",gslydefu
bhoytefv@usnews.com,eZ1_fUv%DDV,gfeehelyfv
dklimpfw@ask.com,cF1'T}jQ$,hfinlryfw
fsamudiofx@telegraph.co.uk,oB0\rjzBt\7i3e,fgoublierfx
gluxenfy@themeforest.net,pQ0`Cf.k'GpQg2k,emorrittfy
caxcellfz@microsoft.com,"lJ9)u,6xAr.9",nocuddiefz
cdelveg0@sogou.com,xL3#+T\OC7KA>{q|,jodorang0
hmccaffertyg1@jugem.jp,gW9*l)@E(VP`C,fgaigerg1
lbosdetg2@github.com,bT6~|53fAt,dreederg2
blawdeng3@nyu.edu,eC8@_!rSySs,cchampneysg3
gworlingg4@intel.com,eA5<v8#=9wkJD,tparading4
cmattussevichg5@plala.or.jp,aV9/84ag,kmeechg5
ftointong6@360.cn,"oA0/m,XWl'E",mbloodg6
bspeachleyg7@w3.org,"sY5._w,Rkhl",dkilgourg7
jpriddyg8@seesaa.net,tD6%~1!a5Id_Xi,bmccotterg8
mcrofthwaiteg9@biglobe.ne.jp,"vG2""q>l0UQ_Uv.n",nampsg9
tsellsga@google.com,rB9+uOkPnh,lmanonga
lcahanigb@baidu.com,"bG2@wKG)""dCf~ua",cpuntgb
clangfieldgc@twitter.com,fO4%1c0k,jmathelygc
jbatistelligd@nifty.com,"aA0,sE?cJVe}Fbd1",ncookseygd
lvlachge@engadget.com,"rZ7&hPgk5Av,{/",lmaciociage
ioscannillgf@ox.ac.uk,zY4?Q=A@vj(sR,llanchestergf
vdelahaygg@dedecms.com,vD2$58BEw,cmatusgg
wyousefgh@seattletimes.com,rE9=E_d9gqvEgll,nfayegh
rhandfordgi@google.com,"aT5<JFzQ""a`T*",tducegi
kcomfordgj@hubpages.com,vX3'Rc&<?`>c|J,ewythegj
saddionisiogk@google.com.hk,yQ5\)S#@0},fmcconvillegk
pskrinegl@whitehouse.gov,lO5(N1zG,pyarnleygl
ecarlemangm@skype.com,yK8+8zY0pE0O,cwakergm
othackeraygn@ted.com,eV6'zQGl,ycadlockgn
sfoucargo@canalblog.com,jC8`lW%d(zA,cgilleasego
rclyburngp@gmpg.org,aM2/kbJUm6I\%!,csallgp
ngommeygq@virginia.edu,cJ9*`cNu\,gdevotegq
pcolleygr@timesonline.co.uk,oR8~hH1VARM,vdupeygr
nledwithgs@amazonaws.com,qD8`UzH(,tlinkletergs
hroalfegt@gizmodo.com,vJ6!YEN9B@M~Hrh,jgatecliffgt
dandriulisgu@miibeian.gov.cn,bS2)|Z_7H@_!N/*,dvaughamgu
ebernardongv@cam.ac.uk,gX4\0KVRJSr=~w,mkenwortheygv
ffilimoregw@photobucket.com,"gM1|&0""R&Er",jcameranagw
mscrannygx@state.gov,"fR5<""ACZ?Cpg.#",lgrizardgx
uardleygy@google.es,fO4|ix!#$TW,fcrouchergy
eclenchgz@ycombinator.com,rS0<3=beoW*,iitscowiczgz
rnanih0@mit.edu,"dQ2>,\|eF",agreshamh0
arigbyeh1@hexun.com,"aO1(}""2$vC8_J",mdegnenh1
hsturgesh2@scientificamerican.com,oX1}X`}F4|,bstollerh2
aspehrh3@cdc.gov,iH6=+nTKo/)J,mforrestillh3
rconersh4@techcrunch.com,mP5<M$bY,jmcrannellh4
lbrugmannh5@jalbum.net,nN3|sF%+'u>TR?`,gbrunnenh5
smatissoffh6@google.co.uk,uQ4<Gh<sMNMWX'/0,bgouninh6
pdommerqueh7@imgur.com,"sD6$gE9_""d}+I3%P",tchomleyh7
ipittemh8@creativecommons.org,dP4$DpVJe+wX~,ckewleyh8
sfarresh9@bloglines.com,gL4/2=FnNSA,nfrauloh9
lwildtha@yolasite.com,oR5.U~7!`Qy%GXc,snijssenha
sspaciehb@bloglines.com,gN0\b4$p2,smcgreadyhb
bredbornhc@stanford.edu,iG2{fYexr,cmicklewiczhc
wmcmeekinghd@who.int,uV0}KjJo8$l,ddommetthd
bcowterdhe@reuters.com,yT0=2tAiuE.)<,eferronierhe
kcarnehf@blogspot.com,iP0$H#eoB!0_&,mtiernyhf
gbinghg@de.vu,zC1#zDhthB`P9&'v,tglanvillehg
hgoodreadhh@hc360.com,"gN6.""!nyFN",ezimmermeisterhh
bdelislehi@symantec.com,jP3_M!j/oX4*h6o,flefranchi
gwoodwindhj@wikia.com,"iU4,vL_pY_mUFt4H",oterronhj
mpextonhk@soup.io,jJ7&0)Wg$Ne(,flindelofhk
dnarracotthl@feedburner.com,pX1&)ew1eX,jkettlestringeshl
sbentehm@yellowpages.com,fW1@DR)eQz+x,aworrallhm
fheindlehn@icio.us,qO3~tu!AC3PHU,eboarhn
mlabonho@theguardian.com,rX0?(BHtX!5|Wy\,bpagelho
nbalchinhp@skype.com,"nB3""`O)q+uTQ",ifarniehp
bstenethq@buzzfeed.com,hI1}Wslu357x,dreubelhq
rcattinihr@xrea.com,jV1|Pk%q7F,rstirgesshr
kvlasenkovhs@businessinsider.com,aH7/#oFD,akornousekhs
scanadaht@mysql.com,fG8!H}75.,rkockht
eeathornehu@paginegialle.it,oI0)9H?I3>|o91,losharryhu
ifishburnhv@nytimes.com,hG2_s|CQU=n7k!,hspadeckhv
ffilchaginhw@howstuffworks.com,wW2\Qgw*.,taykroydhw
dkneelhx@sina.com.cn,cN2@4bgH,acolehx
pholbiehy@harvard.edu,tT1{kr(jb,rcotehy
dcashhz@sphinn.com,"uY4.uM(!dQ""D~PR",ckubczakhz
ablocki0@utexas.edu,"tE7,P>Vj*x#~d",gconibeari0
pdoileyi1@indiatimes.com,rQ3}2KfUSBV$$`u,edevauxi1
ebourtoni2@fema.gov,wK0>Wx+ShS!G,igodaini2
estonemani3@4shared.com,aE3_GE9@H&*)@R=V,cmquhargi3
rcortini4@google.ca,hG5/&}zuPj{>,sdimanchei4
sleetei5@state.gov,bJ4.aIqhDVg',mmclagaini5
fyurenini6@list-manage.com,bS7#~K=09gT`kV,aliptrodi6
lduplocki7@hubpages.com,tZ5>=4H=g<ohiU4,ldrummeri7
arabati8@google.pl,bT7)g>nbyV,crubineki8
jtorpiei9@comcast.net,gY1&ZzE(iQc2jGOE,ahargravesi9
lpatriaia@msn.com,aC4\D0/|Jxo>,gfindonia
acooksleyib@squidoo.com,dG4<De3/hp5_HIcZ,swhiscardib
jmedlingic@hhs.gov,xY9?`yizSQ?.`,mhalfacreeic
jthickensid@ftc.gov,"uP7.,Yk96""x",jgrassid
wbevansie@taobao.com,qU3($=5jm,sgarrandie
tscreaseif@blogs.com,uN5@\CyIs\YWh,cdartif
bbeabyig@dion.ne.jp,oS1>.45/},cdowig
rchowneih@narod.ru,"vE0~,uRw`9pZ0",bsnazelih
trubanenkoii@tamu.edu,eW9\penp,cguietii
hgarbertij@fc2.com,qX0&&o*@5\lN,wbrezlawij
lmanjinik@yahoo.com,"rH5{.&9,",nlutzik
srickisil@etsy.com,nH4+ZYZ<\2B!,sposselowil
nroslenim@yahoo.com,zQ9`v!tPkcBeRg,sjoirisim
rmckirtonin@ft.com,jQ5!'3qcn.|,rferyin
ewilleyio@kickstarter.com,lN7(dE6te,kbavisterio
jjackettip@state.tx.us,pN8*dDKKS9W.u_&,vdanilewiczip
aheughiq@ibm.com,"jU1,ql63q<oH#y",rodayiq
bplaneir@youtu.be,"oO2,%2Vn#)8=mo",epocockir
ilambertiniis@skyrock.com,iK1+)87.2wLv5,wwarkeis
ibenardeauit@accuweather.com,vB9#kv?lZQTh_,jsweynsonit
llydalliu@patch.com,lI8)ng@+`&WCZU,nmallabundiu
tschreineriv@github.com,gW0<nL4RE$M,asimkoiv
fmellodeyiw@51.la,"tG2)Rg>yO,1yOo",dnessiw
tpotierix@4shared.com,tX0~{~'OAbO_,cstaresmeareix
cvassalliy@g.co,bN9{og/u,tkelkiy
awebeniz@vimeo.com,"qI7@MX""i?q9pR<",afibbeniz
fkeelj0@arstechnica.com,iX6=SFtm4/$?b&~(,sennewj0
jharridayj1@cdc.gov,uT0<(lT3vK,csprionghallj1
rmailej2@buzzfeed.com,mI3+B7X2Wu%w&0nG,ltrailj2
bfidilisj3@usgs.gov,cE8@+a8u8vp*6,gchaddockj3
scarltonj4@ucsd.edu,mA4#2>}T,apowysj4
rscoulerj5@etsy.com,eZ0~v?{d'5/s,cnialj5
mmourantj6@java.com,cG6{vO`ZX4J,ptumpanej6
kregglarj7@statcounter.com,"vS0{5MW0O!""",skellj7
ktofftsj8@sogou.com,"nX1/m!<*BB""59jF6",wbailsj8
rhubbucksj9@exblog.jp,sH5}5x*Rn,jtuppj9
nthynneja@arizona.edu,zI8}H=0IqHUrB{aF,gosipenkoja
alaweejb@simplemachines.org,"uF7~V&,u/<<",skennettjb
coreillyjc@indiegogo.com,aN9&'&2),nmatussonjc
medgecumbejd@elegantthemes.com,vV5&mHv?bd,jcrummayjd
lklempkeje@wikispaces.com,"rV7|bKNV,zLur",lreaperje
ehowlandjf@cbc.ca,qZ5`.A`B9vY,ssomerledjf
mwallickerjg@gizmodo.com,"vM3<3C""|",kgainforthjg
nfishbournejh@51.la,jR1+>4CVNYL,jmanselljh
ajelleyji@nymag.com,bV0?W&o11a)',mslograveji
jscrivensjj@dyndns.org,aZ4{YH%@/WJ,oslowlyjj
khammattjk@cnet.com,zC2(/hrlxZo?,tgrubbejk
cshutejl@weather.com,"zL3<GgCMBFG,Y92",alatheyjl
rbertomejm@columbia.edu,lV6>CSXFS_kKDp~l,hgurnettjm
ddannielljn@jimdo.com,uD1)$Hf26,bbeuscherjn
ncumojo@soup.io,uC4>i#sRbpd/,pnazarethjo
nwintourjp@mac.com,vP9%L\{DkopF4{+,agoldneyjp
iervinjq@independent.co.uk,fU4)4CPQ,rtolwoodjq
econstancejr@walmart.com,qA9/w3/hbS,achesejr
rfromejs@wikipedia.org,eT1+h`x+2'g67C=,fmasijs
hkilfedderjt@nationalgeographic.com,yM7=a2v<tI4,thinkensenjt
nallsobrookju@weather.com,lR3.c7is<Q0,mrundleju
thulsejv@toplist.cz,nN6%cu|((,rcastagnassojv
lortegajw@marketwatch.com,oT8|g_Kl,mfolinijw
snazaretjx@craigslist.org,vH8{l%v@b>8>C3,bbenglejx
vsturgessjy@examiner.com,nD7+n._0tX@rx|J?,ctillingjy
rmintojz@yahoo.com,"tN4{eViaVH0,_mo",dmaginotjz
uvanleeuwenk0@amazon.co.jp,rD8>g?~IP!o`{W,wvoask0
tbaigriek1@omniture.com,xS0_w4yGd.4+wv\,ebridywaterk1
pkrojnk2@diigo.com,qG1=Qz<qasK)Lj,kmckinnellk2
pkanzlerk3@qq.com,zZ5?b#B)F%jakvY),ubettensonk3
grylattk4@fotki.com,jP1?Tr`/cxGNo,jfellgattk4
sbazellk5@who.int,cC7\$44mKq%uB,aelijahk5
egregerk6@1688.com,"yV4+,'h>ts",mmcteerk6
dabreyk7@google.com.br,iW7.w<RH<$,abrodyk7
aaspinallk8@unesco.org,"zP4+NM|YRec5'Np""",jfistk8
deaklek9@yolasite.com,wV4&2mB(Ln'X,sbottermank9
pscotchbourougeka@sciencedirect.com,uM1%C!fN,mmellenbyka
asturgeskb@baidu.com,kH0_`%/UBvH,bbogaertkb
wgruszeckikc@noaa.gov,rQ5*{)n}z?NaVBHt,kmacmillankc
ssolesburykd@wikia.com,vK7>P04QgGM,mtaltonkd
telvishke@slate.com,eV2{4JmtUMmue7F3,eeadeke
abiscombkf@liveinternet.ru,rR4&V$7#Vrq,chovykf
ewalklingkg@webeden.co.uk,yU8@C1iiqH?f,apembertonkg
lgilstinkh@statcounter.com,bD5=s5ifVcqBd7,mlahykh
abouleski@posterous.com,zP0|x?dj{=Z,bruncieki
pgotterkj@wufoo.com,bQ6&jDr)UWX8z),tjefferieskj
bguidottikk@mozilla.org,iY2!eY6mFLI,atabbittkk
hdundendalekl@parallels.com,xW3%l?fhMI?,cmcmennumkl
scornbellkm@wisc.edu,qN3?IyIR<Xd@*/O},ykleinkm
winoldkn@vkontakte.ru,rU3\t`SYQ5bPl'0`,nmcevoykn
rperksko@vistaprint.com,pN2=pehPK,fsomerscalesko
mwintertonkp@comcast.net,oW2=)Ss5H9.lb,galoshikinkp
lstollenhofkq@usda.gov,"uN0$J>F0DG,a",tviscovikq
aheselwoodkr@jalbum.net,pA5_>afA,rchattokr
splascottks@so-net.ne.jp,pW0&U(1j_2xutDyU,irohloffks
mmatussevichkt@nba.com,"vY1_uEB""8YcalG",fheasmankt
kmcnessku@theatlantic.com,sU1>h2\d,rkinglakeku
nstonerkv@google.com.au,"jE9""0BQI%>",rmeneokv
cmcmurtyrkw@unc.edu,bC1~c/5'ZGjJCO,dwaiskw
bphearkx@themeforest.net,sN5?{a=z7(k,tabdonkx
cpreeneky@java.com,pX7_>8xor,keastwayky
ehannenkz@google.pl,wR4$pdP\Lt_kz\v,dsyreskz
lbirtsl0@usatoday.com,cC3<\B_~rBheE<,adarnbrookl0
mriddichl1@feedburner.com,vU5!Tb1l,njanmanl1
bsmedmorel2@dyndns.org,dL2=.?9{8,yscrivnerl2
aberanekl3@e-recht24.de,mS4)6Yqih,bsaffel3
ltorbettl4@comsenz.com,"pD6""pG6bCfcJ",bbertomierl4
gbilfootl5@ucoz.ru,zC6|iM(1u30dX,dbraunesl5
tgoodalll6@xinhuanet.com,"iY4{,Ykd+rYyds)",oconnochiel6
pplampeynl7@ocn.ne.jp,sK2`O4\t=1(f,cdanaherl7
pkelsol8@umn.edu,nX5<@A(?.X#|,mongl8
lwilflingerl9@plala.or.jp,"oC1&f,.50",tkidstonl9
hcorneilla@youtube.com,"gO3|su/Y{j""",reimla
kclubleylb@a8.net,"gZ5""22jbH=?",jpringelllb
ldowdalllc@theglobeandmail.com,dK9?XT5+q&vU>\'G,bscaylc
acastleld@elegantthemes.com,"nH8,*>xpfT|",sboudald
voliffle@myspace.com,jE0!4+pD>.h,mwarrilowle
tmacharglf@php.net,vR2)lH>_$OgfF,cmintylf
psamwyselg@reference.com,fH9&oexFm,cticklg
abillelh@amazon.de,"rJ0<B0_q'""9c+_f=",rsperskilh
kyakhinli@cornell.edu,kO2%W>Mh''O5I,kpaulsenli
dblacketlj@intel.com,"dP5""G{Wzzvbmlok|",lswinburnlj
vferrarinlk@bing.com,tS9<IUGXQ,jmackailelk
jkirschll@biblegateway.com,xT9`!s+=`J>h{vkA,bmcmeekanll
bblundenlm@nps.gov,hV6@uZHAmvlU,mmcclunelm
vfouldsln@icq.com,"nC3(eomg.|,a@O$",bgwilliamln
pcolcuttlo@skype.com,pZ4<prfq7,rattewlo
lgallierlp@accuweather.com,qW2@pbBxA,hcahillanelp
mperringlq@samsung.com,vM6&+j\7=Hno,candrzejlq
ptibblr@sfgate.com,aM5#5l(+,cloughlinlr
tdoells@nsw.gov.au,hO4|lE}n,rguillondls
scorssenlt@businessinsider.com,"wG5""x0uCIoCO&l",bkleinsteinlt
dspreulllu@soundcloud.com,xU6=/WW>`h.),tstrutzlu
dwadwelllv@hugedomains.com,"qH1""T)oSmOAa#",wlowdianelv
aquilleashlw@phoca.cz,oV3%52@qMSj#B,ablemenlw
hsoutheylx@fda.gov,"xJ6+a\lx)1""*p<",lhammerichlx
jregglarly@amazon.co.jp,"qU0?TJ)H_f,gg",rgarcesly
kloinslz@github.com,xP6$w$}?&eU,tklimovlz
tcliftm0@behance.net,"lD8""zlaQGA/*qF",klyttlem0
ualonsom1@webnode.com,sV3&bN/zknv,knutkinm1
bkinnenm2@clickbank.net,nM5'RkXlDEm_e,hgrealishm2
kspridgenm3@pcworld.com,nA9&`\?V,jluchellim3
dlassellsm4@patch.com,lT5>BkHG{xH(Z,cdinseym4
jpeeterm5@opera.com,mK3#Whqxj,fduredenm5
lsilburnm6@cargocollective.com,"sM2~g|AM""",vtoftm6
cmacuchadairm7@rakuten.co.jp,"pX9#,!)0698",mflorentinem7
mdowellm8@gravatar.com,tC0?ZE&Wq>9,wgilliamm8
nkabschm9@europa.eu,uR8}Iom5fPeYah7I,aaugurm9
bjerdonma@webs.com,oW2$YV'`DVkdY,gspadellima
mfinchermb@google.com.au,"pT2,Ju(rn(?mjs.~",aruzickamb
lpischelmc@angelfire.com,bO2+tV(yGw,gpinardmc
mgommesmd@unicef.org,bI3}/|osl|,mcolbertmd
fsandersonme@businessweek.com,sK4!2oSI,mtremberthme
tlangmf@so-net.ne.jp,"lS9{8ye?vJ""tS",mcullymf
adaubenymg@nyu.edu,"lE5""fO>V\uKoA",dmattschasmg
schallinmh@paypal.com,cU1'_cu5g.kIZU,srispenmh
hcordeixmi@twitter.com,nQ1#hvbUC3w3,mfebrymi
ccavemj@netscape.com,fS5)4oi&`,rbellmj
pbarthroppmk@wsj.com,yX1#VpR\*,wbuggmk
ecamamileml@nature.com,xL8{d@6y,mvasyatkinml
tohoolahanmm@cocolog-nifty.com,pD2~8>$'g'n9S,lfreethmm
apanchinmn@pagesperso-orange.fr,"cP7*UjEy#8c?R&""'",fklainermn
acardomo@army.mil,pI4{e~'D>_)k,mscrigmourmo
wjiroutekmp@cbc.ca,eH0@8aJtuf8,kbathersbymp
tdagostinomq@dmoz.org,tX2*PVypgEecg??,kenionmq
plethburymr@cafepress.com,sP9=pwt(q~=kDo,slivickmr
tbostockms@un.org,cJ9*%lvDp8{G,akinchingtonms
xgreguolimt@ezinearticles.com,xM5'Eb+(H)B,mghelarduccimt
lstealfoxmu@alibaba.com,"oD0|Au}AXKy,&T@",rstrovermu
fbohlmannmv@squarespace.com,"xO4_e0uKYzG,g",rciccarellimv
vmeriottmw@columbia.edu,cX7>>ia5TNF`84l,cdimanchemw
ateuliermx@google.ca,mY5_?GQ*7+,lshoubridgemx
mgrabermy@alexa.com,hU1\'(&n|J6_,dpurchesmy
bfatharlymz@slate.com,zP6)#LS4MnBS7B,ecritchermz
jwisen0@cornell.edu,xY2#{h`mJ~,ckiplingn0
sbloxsomen1@cnet.com,"bM0%}QOVG""vM",shutchasonn1
ceittern2@123-reg.co.uk,"kH0`,oqSFP)jQ1<",jpugsleyn2
zkertessn3@boston.com,tL2$sjX6(ixB,nruanen3
halastairn4@hostgator.com,"oQ0_,aO.Y+|DX",ccoleyn4
kpoughern5@shop-pro.jp,"kU5*_{2""T0",mrenalsn5
mlarchern6@skyrock.com,"aA2,oaFR+RG",sboylann6
wkennicottn7@indiatimes.com,xW6=C`$ICebn,lpopen7
bpiwalln8@trellian.com,sG6'@22p}+Bf,wcafferkyn8
dthrashern9@desdev.cn,yA7{GmRl,glaverickn9
lselwinna@google.co.jp,jB8'/j_M/u),dchessna
avicarynb@github.com,"uU7""r>LlI4W",awolvernb
iarbucklenc@fema.gov,bD2*'XGDyvjB,gpollnc
dreckend@blogger.com,zD0@@TD(,boxberrynd
smartschkene@mayoclinic.com,"sB9""tS?7.a",bnillesne
fyankovnf@wisc.edu,eG7>c>zH{atfq*,lcuffenf
sziemsenng@123-reg.co.uk,mN1`@h*aODBB@v,mbaudaccing
ldemseynh@constantcontact.com,"mA7@,<R/pkGZIq'",fsotworthnh
gdearleni@wix.com,yS6%#_HyU,rhilandni
tgiannazzinj@sbwire.com,dH3)IR6%,cmcclurenj
lharnernk@psu.edu,"gD7&c7Gg""FWon""",igalleynk
cwoodwardnl@ow.ly,rO1'gPn.NAg,scastrinl
pjosephovnm@stanford.edu,aS7/g6oo,smartinonm
nmehmetnn@theglobeandmail.com,eB9+t'RnP'.m,dwillischnn
gfaucherandno@last.fm,vM9_2M4v(&E{,nbartolomuccino
awastallnp@mozilla.org,mB7@oAvi,abuschnp
mdunbobinnq@exblog.jp,jP9'h@je>y3,nkennewellnq
dstrottonnr@wired.com,yA2{B?vr2n=`ucc,lcolbornnr
pjordanns@ifeng.com,"wZ7""n\9W",mstrodens
tclemintonint@mozilla.com,wF4~kcT5#.*<GD`,cosbidstonnt
vrubinskynu@biglobe.ne.jp,"tV0!""@|$@Rxr2lV",nverriernu
fbrittennv@oakley.com,xX9=\T7wvp#yh*Ya,cyulenv
adammarellnw@dion.ne.jp,xD1<.4\UlN<7{LF5,sjouannynw
gokenx@networkadvertising.org,"hS1,fNmz=ZJSij{$",fpendrynx
dcasettiny@123-reg.co.uk,jF7_0%Z50,iwhibleyny
rchalfontnz@youku.com,sX4)&pY\@Uj&A!b5,pcowlesnz
mkubatscho0@arstechnica.com,cN9!KREjV>TK,ceminsono0
lhassello1@nature.com,gZ3`DD_YzAw,lkrelleo1
shuniwallo2@github.com,mM4%`%mc./UGz,jtynano2
civeo3@nhs.uk,dE1!M@CU>1.Qd%,dswaffordo3
naikenheado4@fda.gov,"tD3""~7M%,ArJ_0|",jmingueto4
jcoano5@exblog.jp,eG5+aly3iV,blibrio5
mstpierreo6@theatlantic.com,bO4|G=1OhNxWyBxN,fmcleano6
clocksleyo7@toplist.cz,oT9$c|(_rF&,afarquharsono7
ipietruschkao8@chronoengine.com,qR7|*f7s&uP),jpatono8
dohmo9@unicef.org,"uG8"">.Cp8G=g3R",jivanyukovo9
iimortsoa@linkedin.com,iM3!%UF_,mosmaroa
jwilkersonob@addtoany.com,nQ8{Oaf%h+<OL/kr,eurpethob
tchalliceoc@wix.com,"kN2#Fti,",sgrinvaldsoc
rdwellyod@ustream.tv,sK5+Cvk4?3bj!ZT,qdunnettod
whoobanoe@reverbnation.com,wN2(X_SU/hROca,glebrunoe
lmitchinsonof@fotki.com,zD3!\E5qgyl1u(3{,vhearlof
bgillisog@nationalgeographic.com,"eY6+sVvmK!_&Z!`""",pguichardog
amacchaelloh@accuweather.com,iQ0/xV_Z,pmummoh
gmournianoi@tripadvisor.com,gR9+O*M$0d.,sbuggeoi
mcastigliooj@chicagotribune.com,hK3*gf?4,abenettinioj
ejacquotok@techcrunch.com,"gT6,ZVZO<",bthorroldok
mbackeol@illinois.edu,pN5/i_Mj_,hfahrenbachol
jbissexom@xing.com,kO0.mW36>D,bminshullom
athornson@hostgator.com,"xK7{UM'0""qwMqS",idicarloon
lwardropoo@people.com.cn,cL0`{c!a'4$.+,epenwelloo
kclayfieldop@tuttocitta.it,iY7<2pFl!d~6q,cricioppoop
cfranekoq@ihg.com,"pE0{pv$>*ZAy',H",sansleyoq
jgrewaror@buzzfeed.com,"oO2""T#Ni",fdavidaior
fhaackos@ihg.com,yJ2_BxweY,lkauscheros
rgardinerot@bravesites.com,iB6)'V{K,mmoleot
gnelmesou@amazon.co.uk,"hD6`d=6""&r5zy@.",srizziou
jdellitov@angelfire.com,rK7>d%YJ(F&BJz,driggollov
mblatchfordow@qq.com,iZ9*RY3Pv`Ka,charringtonow
bshereox@telegraph.co.uk,"fM4{{8+""",areedyhoughox
tbraidleyoy@istockphoto.com,"xJ6""m?,I}A_fJk",darmittoy
lfudgeoz@topsy.com,dB9<daSSU.)&,agilbankoz
wveroniquep0@boston.com,iK2\+(l&Ys`k{,fwillgossp0
roconnorp1@goo.gl,"yI7}WL9cB~i""xY5E",awitsonp1
sfilyaevp2@diigo.com,sQ4<+uAQjR989),bfirlep2
ctroyesp3@over-blog.com,"aZ6),LGf>",hstreatherp3
dhammettp4@ft.com,wL7$%X5oSp,chelksp4
dbodycotep5@ox.ac.uk,"dU7*t0.8""N(q",sgrinishinp5
zsnoxallp6@webmd.com,"zG7'Tt~""(c65""",dgauntleyp6
ymcgilbonp7@weather.com,oX1~!@@cy|C,mborthp7
siddiensp8@chronoengine.com,wD2~64yM1v9>1}jm,bsimiolip8
gbradlyp9@github.io,aQ1%bJzqi,cfitchettp9
wscranepa@sciencedaily.com,zD3*hb1pY=P,jchalfantpa
teirwinpb@globo.com,vL7<?y\+W,fselbypb
mambrogiottipc@soup.io,"bO9""4/fZmg@3",sgrigorianpc
lpllupd@irs.gov,lT6)jyC0.y)@,tpimlottpd
fdelmagepe@devhub.com,"mQ2\*e.B""Q,Y1Ne*",dseakpe
vmicklewiczpf@npr.org,oO9#qQDnIbw,pbellowspf
ddanbypg@g.co,bG1$<>13qgc7y,ccasterotpg
amaypotherph@xing.com,"gZ4`h""=E)!CG(Y`""",hmatusovph
bgounypi@ed.gov,jP8!IB~43,lrockeypi
jpiercepj@patch.com,mS6+P2.k_wU3f?r,tdoolanpj
lstallanpk@live.com,nZ2{}AQBYuS,fmccreadiepk
bpeverellpl@theguardian.com,gY2(=+xko|l!,fperssepl
jbalypm@jiathis.com,gO8>O.to}p,dellicombepm
hjaggpn@boston.com,bF6\_KSf*JO1.,fmardenpn
lforestallpo@dyndns.org,gV6}Anqj#,gpercypo
jduckerspp@bravesites.com,fT3>pOMg+t0T*YoG,amosdellpp
dmardallpq@live.com,"gN2"")g""x/""",jranaldpq
aspackmanpr@1und1.de,wB4~Z#|(2B,haldersonpr
kwoodheadps@nyu.edu,iW0<=`IGyL,gtroddps
dpeddarpt@booking.com,"vZ0>N""!x9\|e",hmongetpt
kadlempu@posterous.com,mH2+trSDEu,leykelhofpu
mfentonpv@walmart.com,"uW4,\oN}mF+h",mmayorpv
wligoepw@deviantart.com,tK2$Y*6(&g1(Y*K,mzuponepw
malliotpx@miitbeian.gov.cn,uU7`Z|y{\4kG6G6n,shutchencepx
mmatfinpy@tamu.edu,rO8=zaou)<d8m/x,rnendickpy
kbrookhousepz@mozilla.com,nS7{L~.u=dmooc2d,mpinockpz
jneenanq0@godaddy.com,zU5#7esSo&M{c'T,ndallanq0
cmammattq1@unblog.fr,"dV7*E0""Qlv",kreddq1
wkettleq2@webmd.com,aK7~u\@p,omurrieq2
fgenteryq3@reuters.com,"aG9..SceP)R.%\,o",bcoathupq3
lelstonq4@hatena.ne.jp,qO3/X*Pn*d,omadgettq4
cmurisonq5@discuz.net,"pC9!MY,DyHWGwdh1",lfashamq5
tliddiattq6@howstuffworks.com,"pP7=W3vW?*""v1",btireq6
sdemeridaq7@ifeng.com,dY1_?1E>~%{L+1?z,cembertonq7
cmiddlemissq8@google.es,wS8\wMCg\&IJP,jjemmettq8
aarroq9@bloglines.com,qJ6*zpLBD\J,gcansfieldq9
cfairecloughqa@dmoz.org,wW7+|C(o/dk{,amarquotqa
mpoundsqb@wikispaces.com,aC1+=MKhU3N'inG,irhucroftqb
iwagerqc@unc.edu,pZ0~vB9*@7XNF4>,kmacleanqc
bmckagueqd@independent.co.uk,oN8.F4H+5n,apestorqd
jtimbrellqe@chicagotribune.com,pQ2)c.T_X}LhSVYi,ptotaroqe
ctonksqf@google.es,nV0~v8DP,prenwickqf
lwiddqg@businesswire.com,qS7)\?oNlS!Bma7w,hthurlbourneqg
kcushellyqh@wiley.com,"vA3*""BAjg+F+",cblankauqh
orackstrawqi@domainmarket.com,fE6}*qqg%/Ll,trestallqi
mshambrookeqj@dropbox.com,wR4#KCJ{ouk<#,bjanaszkiewiczqj
cdorringtonqk@pen.io,nP2_EX{j*<g,bfyrthqk
mcroydonql@house.gov,dC8&&KA9|Z8,amacfaydenql
awoollheadqm@bing.com,"cR3}p.""*{=MeNp",poxfordqm
kherremaqn@comcast.net,nT3_9`%Llk9,jgodehardsfqn
smaniloveqo@canalblog.com,cI5?4Y'ZI=b2LM,cibarraqo
sfrayqp@census.gov,dH7>YUujz%J!7pfx,mchippinqp
lgainesqq@omniture.com,sG4*0kMCZXi(e,gmingaudqq
hdybleqr@csmonitor.com,nD2{x78)Pr{Pgn,ycaheyqr
djehaesqs@surveymonkey.com,bF5!v$fjSL=,rbattieqs
joxtibyqt@instagram.com,qP5\zWgfn@mj/g,rbyerqt
dlindebergqu@state.tx.us,kA0#AOoGbyYke#ua,wgatlinqu
jjobbingsqv@elpais.com,xW3>>1769.Z}SV*,kpeaddieqv
cpencotqw@go.com,sK4@x7Q|2f&l1$4!,rquaintonqw
cfoadqx@cnn.com,"fV0~uAn.UV\O5""2",rdortonqx
dmouthqy@dagondesign.com,"aI2),CJq6VJ@6Bz7",nreedyqy
bcramphornqz@1und1.de,"hK6,T""c%U+j",pedmondsqz
echingr0@tinypic.com,zR8*7z`z8,amustonr0
hdesimonir1@comsenz.com,"aH4?rG@e!""",edigregorior1
pkienlr2@google.com.hk,tS7#?&)Nd?vp,shellmerr2
bbennr3@yelp.com,tU5<f*iC),gmeinekenr3
grushtonr4@nymag.com,eP8@u@q/NYJ~8,kturler4
sberthouloumer5@usgs.gov,iM1@4tjBVp.(v4hI,wweldenr5
kmckiernanr6@patch.com,lV3*1Q#+X&0,minesonr6
csheivelsr7@senate.gov,nW6//I|\ed>GIU,gowtramr7
wosculleyr8@smugmug.com,jG1<$(rVmG\pS'Y,jpearchr8
nbenieshr9@npr.org,oM9/M8APeuA,fgossartr9
tgongra@whitehouse.gov,jX7_m42~X.aSTV,htomaskovra
amillottrb@cnn.com,nF0<>3I%zsO!~Z+,cstephensonrb
atoolinrc@moonfruit.com,lC1$H+O'>f,eleahrc
bdakersrd@sohu.com,"cG3?H*oiNqAq,KB",clegricerd
tgodsafere@ask.com,sX6=8Pe|#oE=z5,wlandeauxre
sriddlerrf@oracle.com,iS6+wJ~Svd,mkitchenmanrf
dpibsworthrg@reverbnation.com,yV3!N%YZ,joganianrg
vfacerh@google.com.au,cI5*U\{0r,mpuverh
lnetherwoodri@amazon.com,pZ2&0dt<G*C,xsackurri
cobalrj@oaic.gov.au,lY2+5Sw&>_?o,apreskettrj
dwalklottrk@jalbum.net,"iP8|ftsgd&,eQ?a",gerwinrk
rhadrillrl@ycombinator.com,vV9%Kg1'w),hgovinlockrl
gfolinirm@microsoft.com,"vQ1?>'gE8o""",gbuggsrm
cgriersonrn@w3.org,mQ9<eon_#Q3SKw+,glanchburyrn
rgubbinsro@cisco.com,"mA8""vXCs",hcapehornro
fdowmanrp@youtube.com,"qX0/gWp\5!qP,",hthomssonrp
gcominsrq@reddit.com,"jI1=""?6s}k""l",eroncarq
cpigeonrr@hexun.com,"pX3/j`d,z}+",rpavekrr
